# distance (m), g, g_p, g_m, y (m^2), y_p (m^2), y_m (m^2)
3.000000000000000076e-06,2.177724498277109899e-01,2.172985163133960840e-01,2.182484551825256414e-01,1.959952048449399370e-12,1.955686646820565117e-12,1.964236096642731064e-12
2.004008016032063962e-03,1.507996859071074613e-01,1.504715037832617397e-01,1.511293027069043893e-01,6.056187963385987400e-07,6.043008011343797905e-07,6.069425532704862641e-07
4.008016032064127925e-03,1.075606822330318207e-01,1.073266002259958551e-01,1.077957875493881640e-01,1.727875506251489894e-06,1.724115167826568420e-06,1.731652283314334451e-06
6.012024048096191453e-03,7.889427409131077873e-02,7.872257817381064782e-02,7.906672059205679948e-02,2.851588816196709028e-06,2.845382964583658572e-06,2.857821797215717861e-06
8.016032064128255849e-03,5.938751474974306860e-02,5.925827097444439501e-02,5.951732352515233526e-02,3.816049879301243627e-06,3.807745091751077846e-06,3.824390971933595199e-06
1.002004008016032024e-02,4.577535226399891827e-02,4.567573234612298111e-02,4.587540767878361264e-02,4.595900444576418450e-06,4.585898484958190361e-06,4.605946128608279622e-06
1.202404809619238291e-02,3.604628490159238197e-02,3.596783814446161132e-02,3.612507459536635351e-02,5.211490140430461522e-06,5.200148486153137947e-06,5.222881375710090899e-06
1.402805611222444730e-02,2.893437179991828131e-02,2.887140254681726595e-02,2.899761632844269355e-02,5.693889655848753357e-06,5.681498165846907329e-06,5.706335316298696532e-06
1.603206412825651170e-02,2.362573505537941473e-02,2.357431887462777681e-02,2.367737600632013537e-02,6.072453699158968346e-06,6.059238348344695110e-06,6.085726821998660120e-06
1.803607214428857436e-02,1.958606731964214129e-02,1.954344258118807798e-02,1.962887839575064644e-02,6.371345709017284546e-06,6.357479885929107364e-06,6.385272147725517979e-06
2.004008016032064049e-02,1.645733429300859016e-02,1.642151854917179091e-02,1.649330660840314308e-02,6.609344658458636555e-06,6.594960883358616857e-06,6.623791313449801753e-06
2.204408817635270315e-02,1.399484643229691183e-02,1.396438974800464500e-02,1.402543626056422521e-02,6.800681195288074668e-06,6.785881018584510411e-06,6.815546072217665079e-06
2.404809619238476581e-02,1.202820328898200793e-02,1.200202656800489903e-02,1.205449444371202265e-02,6.956041436032017783e-06,6.940903152166878520e-06,6.971245898187278674e-06
2.605210420841683194e-02,1.043657111008113904e-02,1.041385822409619799e-02,1.045938328737093179e-02,7.083427446491027171e-06,7.068011935182016915e-06,7.098910348013410831e-06
2.805611222444889460e-02,9.132841029301622809e-03,9.112965423144275476e-03,9.152803523354740775e-03,7.188874107907669594e-06,7.173229115289808131e-06,7.204587493935883176e-06
3.006012024048096073e-02,8.053188853363636018e-03,8.035662871092984910e-03,8.070791451950222808e-03,7.276948654852061190e-06,7.261111987485678735e-06,7.292854553551190469e-06
3.206412825651302340e-02,7.150148796358137687e-03,7.134588080805671917e-03,7.165777536896624292e-03,7.351127472852249331e-06,7.335129371714377641e-06,7.367195511044275129e-06
3.406813627254508953e-02,6.387954821467067487e-03,6.374052852323505020e-03,6.401917564246230492e-03,7.414102527315081266e-06,7.397967374916136185e-06,7.430308215899375855e-06
3.607214428857714872e-02,5.739287253707337291e-03,5.726796965886429142e-03,5.751832143879374686e-03,7.467958241939496694e-06,7.451705884503284860e-06,7.484281647932806560e-06
3.807615230460921485e-02,5.183028692011794336e-03,5.171748977774555216e-03,5.194357716475208296e-03,7.514320656608838561e-06,7.497967401643423857e-06,7.530745401213448496e-06
4.008016032064128098e-02,4.702682757943318047e-03,4.692448410265530855e-03,4.712961845938822350e-03,7.554480115249846152e-06,7.538039462115462317e-06,7.570992640091922135e-06
4.208416833667334017e-02,4.285237459062248185e-03,4.275911588639914884e-03,4.294604098317028607e-03,7.589486465702752170e-06,7.572969628998284765e-06,7.606075507157839606e-06
4.408817635270540630e-02,3.920299502774084004e-03,3.911767839003085778e-03,3.928868463435884577e-03,7.620149956597187508e-06,7.603566387594801433e-06,7.636806022076086765e-06
4.609218436873747243e-02,3.599525207641581567e-03,3.591691638092851715e-03,3.607393022303092937e-03,7.647153364212979707e-06,7.630511028273454234e-06,7.663868453533663184e-06
4.809619238476953162e-02,3.316137099717817154e-03,3.308920261633557184e-03,3.323385486821025647e-03,7.671033326924238190e-06,7.654339021533761747e-06,7.687800612884727186e-06
5.010020040080159776e-02,3.064606357748577824e-03,3.057936920626165393e-03,3.071304950880268583e-03,7.692254141922565849e-06,7.675513654127304194e-06,7.709067812178134563e-06
5.210420841683366389e-02,2.840376206383596770e-03,2.834194756532925664e-03,2.846584678965855854e-03,7.711191182024616000e-06,7.694409481954921605e-06,7.728046244717564801e-06
5.410821643286573002e-02,2.639663481514014417e-03,2.633918838463929647e-03,2.645433237757760514e-03,7.728140360977331645e-06,7.711321774772809750e-06,7.745032471055969515e-06
5.611222444889778921e-02,2.459322916030404205e-03,2.453970744287139061e-03,2.464698485245770624e-03,7.743379207986460407e-06,7.726527457805858274e-06,7.760304627020308464e-06
5.811623246492985534e-02,2.296704167405680570e-03,2.291705899359096094e-03,2.301724285804381247e-03,7.757110231638335225e-06,7.740228598925303664e-06,7.774065663838636614e-06
6.012024048096192147e-02,2.149575314456852841e-03,2.144897239779035812e-03,2.154273839734354053e-03,7.769518126478077046e-06,7.752609490729483850e-06,7.786500679759995584e-06
6.212424849699398066e-02,2.016048408476428782e-03,2.011660925541768410e-03,2.020455071664355000e-03,7.780782087404659861e-06,7.763848938139361868e-06,7.797789261366198620e-06
6.412825651302604679e-02,1.894502915079429063e-03,1.890379948996557960e-03,1.898643905057744450e-03,7.791016843471853926e-06,7.774061420526322611e-06,7.808046388484904935e-06
6.613226452905811292e-02,1.783555381822570776e-03,1.779673868478016778e-03,1.787453863531472068e-03,7.800337391435292235e-06,7.783361684381026141e-06,7.817387309230777007e-06
6.813627254509017905e-02,1.682021149163467075e-03,1.678360602592926781e-03,1.685697698123387114e-03,7.808870038405339831e-06,7.791875761934383588e-06,7.825938606795295721e-06
7.014028056112224518e-02,1.588865547518200118e-03,1.585407733486604619e-03,1.592338477676709602e-03,7.816676622623182634e-06,7.799665356850337384e-06,7.833762254585200605e-06
7.214428857715429744e-02,1.503195931388236423e-03,1.499924558305781083e-03,1.506481605555204991e-03,7.823831739949452355e-06,7.806804902648148493e-06,7.840933011512182365e-06
7.414829659318636357e-02,1.424240661170423326e-03,1.421141116750030981e-03,1.427353755511779352e-03,7.830432267911813045e-06,7.813391066022996954e-06,7.847547966858067639e-06
7.615230460921842970e-02,1.351314342874929348e-03,1.348373506437769691e-03,1.354268035427661290e-03,7.836506323715157138e-06,7.819451902988900445e-06,7.853635299286118314e-06
7.815631262525049583e-02,1.283821043675652815e-03,1.281027091458730900e-03,1.286627209891337206e-03,7.842104278419233357e-06,7.825037674984153726e-06,7.859245489956761212e-06
8.016032064128256196e-02,1.221236335540720535e-03,1.218578585082525289e-03,1.223905704580153728e-03,7.847270239337000909e-06,7.830192393331915628e-06,7.864422742592382817e-06
8.216432865731462809e-02,1.163097276843306615e-03,1.160566053172265881e-03,1.165639565973018450e-03,7.852042852733918019e-06,7.834954620192605631e-06,7.869205787931148299e-06
8.416833667334668034e-02,1.108993984791975789e-03,1.106580504955649580e-03,1.111418015359826993e-03,7.856455954687108226e-06,7.839358118006615933e-06,7.873628536008829107e-06
8.617234468937874647e-02,1.058568421150820563e-03,1.056264681387706792e-03,1.060882231907434416e-03,7.860582932228652405e-06,7.843476114095402081e-06,7.877764534266311900e-06
8.817635270541081260e-02,1.011490913628687767e-03,1.009289627636024769e-03,1.013701822729515473e-03,7.864411824792427429e-06,7.847296673922368401e-06,7.881601795994159083e-06
9.018036072144287874e-02,9.674724476440197622e-04,9.653669580952842612e-04,9.695871415186513428e-04,7.867967222939425387e-06,7.850844334532594372e-06,7.885164965503225852e-06
9.218436873747494487e-02,9.262544147760320415e-04,9.242386271486631574e-04,9.282790145897501510e-04,7.871270965442240931e-06,7.854140887171420503e-06,7.888475929301131412e-06
9.418837675350701100e-02,8.876048629039563591e-04,8.856731874678216640e-04,8.895449828228720567e-04,7.874342441013648501e-06,7.857205678356385278e-06,7.891554118480344519e-06
9.619238476953906325e-02,8.513152722752636995e-04,8.494625730972981802e-04,8.531760706846085347e-04,7.877198835836831127e-06,7.860055856868744404e-06,7.894416756789479994e-06
9.819639278557112938e-02,8.172033981244227136e-04,8.154249358869377490e-04,8.189896350602137278e-04,7.879909554165398714e-06,7.862760675919119784e-06,7.897133400185431804e-06
1.002004008016031955e-01,7.850886293134737032e-04,7.833800577589287951e-04,7.868046700332844952e-04,7.882384300800736164e-06,7.865230036816404870e-06,7.899613556103030735e-06
1.022044088176352616e-01,7.548285916996809279e-04,7.531858744163302160e-04,7.564784902607730489e-04,7.884744105489013597e-06,7.867584705912323688e-06,7.901978518834342811e-06
1.042084168336673278e-01,7.262732674900041494e-04,7.246926945466092241e-04,7.278607500418947905e-04,7.886887664278340076e-06,7.869723599720609007e-06,7.904126762998073895e-06
1.062124248496993939e-01,6.993075431933375640e-04,6.977856551776829685e-04,7.008360842713557727e-04,7.888943774643816770e-06,7.871775235417171154e-06,7.906187367593857574e-06
1.082164328657314600e-01,6.738110006175259585e-04,6.723446001809264003e-04,6.752838115478374415e-04,7.890863401354635570e-06,7.873690684485528792e-06,7.908111190210055568e-06
1.102204408817635123e-01,6.496790447790743404e-04,6.482651622006650911e-04,6.510991082649301509e-04,7.892655493177533934e-06,7.875478876217410754e-06,7.909907199173549247e-06
1.122244488977955784e-01,6.268161978563924945e-04,6.254520712016452483e-04,6.281862879063518411e-04,7.894328121082431343e-06,7.877147864018051461e-06,7.911583483095726684e-06
1.142284569138276445e-01,6.051351633058362194e-04,6.038182206218192056e-04,6.064578631163406851e-04,7.895888552980355986e-06,7.878704899981487289e-06,7.913147325773754571e-06
1.162324649298597107e-01,5.845559996673029869e-04,5.832838429759704731e-04,5.858337176993626272e-04,7.897343315411612560e-06,7.880156496444449315e-06,7.914605268013603822e-06
1.182364729458917768e-01,5.650107202333444403e-04,5.637810995146646988e-04,5.662457163431440336e-04,7.898772764496013563e-06,7.881582834649449219e-06,7.916037841576877341e-06
1.202404809619238429e-01,5.464307240173621070e-04,5.452415385461600525e-04,5.476251081135748849e-04,7.900171511208803650e-06,7.882978537299754925e-06,7.917439645659534077e-06
1.222444889779558952e-01,5.287486773539518993e-04,5.275979729418650782e-04,5.299044121678403180e-04,7.901469586202684045e-06,7.884273787320850935e-06,7.918740557975803703e-06
1.242484969939879613e-01,5.119078918185476432e-04,5.107938376470165824e-04,5.130268161722493364e-04,7.902674833235595682e-06,7.885476411400482488e-06,7.919948439428460001e-06
1.262525050100200275e-01,4.958560513254072800e-04,4.947769304302486286e-04,4.969398896889599352e-04,7.903794232595615644e-06,7.886593374635670180e-06,7.921070285563035457e-06
1.282565130260520936e-01,4.805448179781185740e-04,4.794990185918767203e-04,4.815951891649558614e-04,7.904834014475336295e-06,7.887630893660373804e-06,7.922112340190035450e-06
1.302605210420841597e-01,4.659294781219361576e-04,4.649154857865238984e-04,4.669479032107272387e-04,7.905799756086039212e-06,7.888594533548311239e-06,7.923080192711363403e-06
1.322645290581162258e-01,4.519686240734729324e-04,4.509850144454567050e-04,4.529565336342892819e-04,7.906696464930051412e-06,7.889489290904088583e-06,7.923978861574707769e-06
1.342685370741482920e-01,4.386238675540870733e-04,4.376692998336212154e-04,4.395826082481943723e-04,7.907528650287737570e-06,7.890319665194619529e-06,7.924812865916781344e-06
1.362725450901803581e-01,4.258595813326917319e-04,4.249327922547099052e-04,4.267904219476266036e-04,7.908300384666594460e-06,7.891089720064491935e-06,7.925586287146739879e-06
1.382765531062124242e-01,4.136426660014694496e-04,4.127424643344369619e-04,4.145468029763360422e-04,7.909015356697347203e-06,7.891803136116942136e-06,7.926302821957888166e-06
1.402805611222444904e-01,4.019423391724014495e-04,4.010676006758347699e-04,4.028209016623957028e-04,7.909676916738355617e-06,7.892463256419012739e-06,7.926965828031771997e-06
1.422845691382765287e-01,3.907299447008099084e-04,3.898796074979790443e-04,3.915839992247460580e-04,7.910288116259701972e-06,7.893073125799942677e-06,7.927578363508356660e-06
1.442885771543085949e-01,3.799787798204134841e-04,3.791518401472461952e-04,3.808093345304034523e-04,7.910851741916790448e-06,7.893635524850597067e-06,7.928143221134094140e-06
1.462925851703406610e-01,3.696639383180435993e-04,3.688594466133254509e-04,3.704719469263890097e-04,7.911370345086380919e-06,7.894152999395226444e-06,7.928662957862524531e-06
1.482965931863727271e-01,3.597621680896989139e-04,3.589792253952709083e-04,3.605485334844304914e-04,7.911846267521780357e-06,7.894627886090831915e-06,7.929139920565544413e-06
1.503006012024047933e-01,3.502517416069705946e-04,3.494894962498281505e-04,3.510173191842535351e-04,7.912281663684920700e-06,7.895062334710635198e-06,7.929576268414285673e-06
1.523046092184368594e-01,3.411123379874887685e-04,3.403699825185279963e-04,3.418579387262592043e-04,7.912678520229776821e-06,7.895458327585099198e-06,7.929973992405142620e-06
1.543086172344689255e-01,3.323249355077968780e-04,3.316017038744828948e-04,3.330513288094532503e-04,7.913038673040378358e-06,7.895817696602860128e-06,7.930334932435002444e-06
1.563126252505009917e-01,3.238717135245421748e-04,3.231668784570241389e-04,3.245796298382569857e-04,7.913363822166634849e-06,7.896142138114041820e-06,7.930660792269730243e-06
1.583166332665330578e-01,3.157359628822500462e-04,3.150488334744540688e-04,3.164260961344516590e-04,7.913655544950109048e-06,7.896433226027475569e-06,7.930953152698633047e-06
1.603206412825651239e-01,3.079020039851441720e-04,3.072319234541645767e-04,3.085750138299204505e-04,7.913915307588815262e-06,7.896692423350319559e-06,7.931213483124528529e-06
1.623246492985971901e-01,3.003551117981114382e-04,2.997014554068206890e-04,3.010116257036810419e-04,7.914144475353146498e-06,7.896921092381758178e-06,7.931443151802005024e-06
1.643286573146292562e-01,2.930814471194687228e-04,2.924436202486973245e-04,2.937220623044292525e-04,7.914344321634481807e-06,7.897120503741915842e-06,7.931643434905812177e-06
1.663326653306613223e-01,2.860679935368359568e-04,2.854454298947536406e-04,2.866932787686104372e-04,7.914516035980830302e-06,7.897291844390013174e-06,7.931815524584067339e-06
1.683366733466933607e-01,2.793024995383500196e-04,2.786946594958291615e-04,2.799129968051004835e-04,7.914660731252474017e-06,7.897436224764439700e-06,7.931960536129527883e-06
1.703406813627254268e-01,2.727734253054829149e-04,2.721797943472555590e-04,2.733696513717243852e-04,7.914779450010696975e-06,7.897554685157572946e-06,7.932079514382304778e-06
1.723446893787574929e-01,2.664698937617905150e-04,2.658899810441369880e-04,2.670523416170075132e-04,7.914873170237075308e-06,7.897648201422632417e-06,7.932173439461636289e-06
1.743486973947895591e-01,2.603816454946581717e-04,2.598149825011986471e-04,2.609507857033896384e-04,7.914942810466895032e-06,7.897717690095911453e-06,7.932243231910537400e-06
1.763527054108216252e-01,2.544989972051858057e-04,2.539451364930962263e-04,2.550552791662900366e-04,7.914989234408530917e-06,7.897764013006118767e-06,7.932289757325270245e-06
1.783567134268536913e-01,2.488128033753167403e-04,2.482713174049678640e-04,2.493566564974485284e-04,7.915013255110957017e-06,7.897787981432805385e-06,7.932313830531961929e-06
1.803607214428857575e-01,2.433144208716103848e-04,2.427849009132390960e-04,2.438462556713297388e-04,7.915015638732552001e-06,7.897790359866974089e-06,7.932316219363659960e-06
1.823647294589178236e-01,2.379956762321732181e-04,2.374777313437462949e-04,2.385158853605495114e-04,7.914997107957904706e-06,7.897771869420454796e-06,7.932297648084586612e-06
1.843687374749498897e-01,2.328488354074695647e-04,2.323420914784000155e-04,2.333577946105459908e-04,7.914958345102316936e-06,7.897733190923639571e-06,7.932258800501446787e-06
1.863727454909819559e-01,2.278665757474670800e-04,2.273706746032941382e-04,2.283646447654942753e-04,7.914899994939146932e-06,7.897674967746678320e-06,7.932200322796934496e-06
1.883767535070140220e-01,2.230419600470147270e-04,2.225565586105685565e-04,2.235294834569535145e-04,7.914822667280139388e-06,7.897597808374198067e-06,7.932122826115724440e-06
1.903807615230460881e-01,2.183684124788275226e-04,2.178931819837702662e-04,2.188457204842457059e-04,7.914726939335257547e-06,7.897502288759991867e-06,7.932026888929432051e-06
1.923847695390781265e-01,2.138396962591423381e-04,2.133743215121148716e-04,2.143071054312934223e-04,7.914613357875088860e-06,7.897388954484721733e-06,7.931913059203776081e-06
1.943887775551101926e-01,2.094498929052248087e-04,2.089940715931351187e-04,2.099077068787881235e-04,7.914482441216137750e-06,7.897258322736888149e-06,7.931781856388194624e-06
1.963927855711422588e-01,2.051933829566150128e-04,2.047468249958824622e-04,2.056418930832961507e-04,7.914334681046783003e-06,7.897110884134821648e-06,7.931633773245792035e-06
1.983967935871743249e-01,2.010648280434465117e-04,2.006272549682703893e-04,2.015043140063830162e-04,7.914170544109537720e-06,7.896947104405273421e-06,7.931469277539285166e-06
2.004008016032063910e-01,1.970591541955091155e-04,1.966302985824612385e-04,1.974898845871932553e-04,7.913990473753482833e-06,7.896767425932474252e-06,7.931288813586821626e-06
2.024048096192384572e-01,1.931715362950501549e-04,1.927511412215027111e-04,1.935937691612688168e-04,7.913794891369135834e-06,7.896572269189877695e-06,7.931092803699996087e-06
2.044088176352705233e-01,1.893973835847375981e-04,1.889852021188295609e-04,1.898113669368353706e-04,7.913584197716513731e-06,7.896362034065334650e-06,7.930881649514799926e-06
2.064128256513025894e-01,1.857323261498395066e-04,1.853281208698616303e-04,1.861382984474347605e-04,7.913358774156115870e-06,7.896137101089401253e-06,7.930655733225309471e-06
2.084168336673346555e-01,1.821722023005808045e-04,1.817757448418200444e-04,1.825703929067022723e-04,7.913118983791557826e-06,7.895897832575474019e-06,7.930415418728806781e-06
2.104208416833667217e-01,1.787130467868874558e-04,1.783241174141194925e-04,1.791036763973506013e-04,7.912865172531171348e-06,7.895644573679090942e-06,7.930161052689708930e-06
2.124248496993987878e-01,1.753510797834254942e-04,1.749694669873788589e-04,1.757343608321324110e-04,7.912597670075897195e-06,7.895377653383676251e-06,7.929892965529614001e-06
2.144288577154308539e-01,1.720826965879803283e-04,1.717081967042197697e-04,1.724588336297026565e-04,7.912316790839340786e-06,7.895097385418580130e-06,7.929611472349370986e-06
2.164328657314629201e-01,1.689044579809202717e-04,1.685368748297104641e-04,1.692736480530097236e-04,7.912022834805699693e-06,7.894804069115154589e-06,7.929316873788880906e-06
2.184368737474949584e-01,1.658130811977435765e-04,1.654522257435591683e-04,1.661755141621102001e-04,7.911716088330533338e-06,7.894497990205766416e-06,7.929009456829614792e-06
2.204408817635270246e-01,1.628054314705906444e-04,1.624511215000344329e-04,1.631612903371930541e-04,7.911396824888840471e-06,7.894179421570258521e-06,7.928689495544336097e-06
2.224448897795590907e-01,1.598785140981429250e-04,1.595305739151219818e-04,1.602279753311443354e-04,7.911065305774750737e-06,7.893848623934110061e-06,7.928357251798301677e-06
2.244488977955911568e-01,1.570294670065435882e-04,1.566877271436349086e-04,1.573727008142081489e-04,7.910721780756230318e-06,7.893505846521724152e-06,7.928012975905424331e-06
2.264529058116232230e-01,1.542555537669297518e-04,1.539198507119418917e-04,1.545927243762563520e-04,7.910366488688501505e-06,7.893151327668505743e-06,7.927656907243010352e-06
2.284569138276552891e-01,1.515541570378453530e-04,1.512243329746509315e-04,1.518854229548679473e-04,7.909999658089074726e-06,7.892785295394650195e-06,7.927289274828067193e-06
2.304609218436873552e-01,1.489227724032615848e-04,1.485986749660401477e-04,1.492482866598807199e-04,7.909621507677215365e-06,7.892407967943424258e-06,7.926910297857929020e-06
2.324649298597194214e-01,1.463590025791828653e-04,1.460404846192717187e-04,1.466789129673340777e-04,7.909232246880471153e-06,7.892019554286609255e-06,7.926520186217914050e-06
2.344689378757514875e-01,1.438605519638697604e-04,1.435474713284750552e-04,1.441750012577798447e-04,7.908832076310589492e-06,7.891620254599357928e-06,7.926119140958261703e-06
2.364729458917835536e-01,1.414252215085975246e-04,1.411174408306680415e-04,1.417343476758294192e-04,7.908421188210937197e-06,7.891210260706670577e-06,7.925707354742545061e-06
2.384769539078156197e-01,1.390509038875960290e-04,1.387482903862084674e-04,1.393548402895360941e-04,7.907999766877430131e-06,7.890789756503379412e-06,7.925285012269510222e-06
2.404809619238476859e-01,1.367355789474052053e-04,1.364380042380528718e-04,1.370344545298038939e-04,7.907567989054802322e-06,7.890358918349570636e-06,7.924852290670221248e-06
2.424849699398797520e-01,1.344773094173339924e-04,1.341846493315509319e-04,1.347712488914702331e-04,7.907126024309889996e-06,7.889917915443058714e-06,7.924409359882150571e-06
2.444889779559117904e-01,1.322742368640490870e-04,1.319863712778378804e-04,1.325633608790524555e-04,7.906674035383416218e-06,7.889466910170395128e-06,7.923956383001739520e-06
2.464929859719438565e-01,1.301245778745518293e-04,1.298413905451186302e-04,1.304090031813814323e-04,7.906212178521748287e-06,7.889006058437914273e-06,7.923493516616877383e-06
2.484969939879759226e-01,1.280266204529324910e-04,1.277479988632634455e-04,1.283064600604798798e-04,7.905740603789903514e-06,7.888535509984049741e-06,7.923020911120591590e-06
2.505010020040079888e-01,1.259787206173361537e-04,1.257045558281798161e-04,1.262540839410898792e-04,7.905259455367155249e-06,7.888055408674298305e-06,7.922538711007300879e-06
2.525050100200400549e-01,1.239792991845274400e-04,1.237094856933750357e-04,1.242502921882094572e-04,7.904768871826045538e-06,7.887565892779634563e-06,7.922047055152441194e-06
2.545090180360721210e-01,1.220268387303403480e-04,1.217612743370207807e-04,1.222935640608984560e-04,7.904268986396276541e-06,7.887067095239809440e-06,7.921546077076922928e-06
2.565130260521041872e-01,1.201198807151012912e-04,1.198584663936320922e-04,1.203824378314184327e-04,7.903759927214024515e-06,7.886559143912144087e-06,7.921035905197003945e-06
2.585170340681362533e-01,1.182570227638805730e-04,1.179996625402377668e-04,1.185155080595393171e-04,7.903241817557906252e-06,7.886042161806966082e-06,7.920516663060764244e-06
2.605210420841683194e-01,1.164369160921163579e-04,1.161835169276068618e-04,1.166914230125362656e-04,7.902714776072248499e-06,7.885516267310394340e-06,7.919988469571858175e-06
2.625250501002003856e-01,1.146582630678022550e-04,1.144087347477417538e-04,1.149088822220487971e-04,7.902178916978463326e-06,7.884981574395268951e-06,7.919451439201365855e-06
2.645290581162324517e-01,1.129198149020253154e-04,1.126740699294420238e-04,1.131666341695706916e-04,7.901634350275254539e-06,7.884438192820901879e-06,7.918905682188423083e-06
2.665330661322645178e-01,1.112203694601932697e-04,1.109783229542951632e-04,1.114634740928931579e-04,7.901081181928420812e-06,7.883886228322485387e-06,7.918351304730451390e-06
2.685370741482965840e-01,1.095587691867977892e-04,1.093203387859560254e-04,1.097982419063317662e-04,7.900519514050711285e-06,7.883325782790535964e-06,7.917788409163389706e-06
2.705410821643286501e-01,1.079338991370359420e-04,1.076990049060521948e-04,1.081698202280458574e-04,7.899949445072429848e-06,7.882756954441151343e-06,7.917217094132696762e-06
2.725450901803607162e-01,1.063446851090509357e-04,1.061132494504893499e-04,1.065771325081963842e-04,7.899371069903357356e-06,7.882179837977561698e-06,7.916637454755603640e-06
2.745490981963927823e-01,1.047900918709569187e-04,1.045620394403346171e-04,1.050191412520956239e-04,7.898784480086386460e-06,7.881594524743435837e-06,7.916049582775100971e-06
2.765531062124248485e-01,1.032691214771942875e-04,1.030443791018358860e-04,1.034948463328821353e-04,7.898189763943470467e-06,7.881001102868513268e-06,7.915453566706187648e-06
2.785571142284569146e-01,1.017808116691076896e-04,1.015593082704806970e-04,1.020032833886029951e-04,7.897587006714148802e-06,7.880399657406828121e-06,7.914849491974724935e-06
2.805611222444889807e-01,1.003242343549718812e-04,1.001059008743299458e-04,1.005435222989171587e-04,7.896976290687382608e-06,7.879790270468260135e-06,7.914237441049539723e-06
2.825651302605209914e-01,9.889849416498425628e-05,9.868326349215514109e-05,9.911466573692957304e-05,7.896357695326730960e-06,7.879173021343431366e-06,7.913617493567881974e-06
2.845691382765530575e-01,9.750272707703164070e-05,9.729053398219590209e-05,9.771584779195410710e-05,7.895731297389428462e-06,7.878547986622533048e-06,7.912989726454761492e-06
2.865731462925851236e-01,9.613609910929899014e-05,9.592688017761392873e-05,9.634623265926467244e-05,7.895097171039692835e-06,7.877915240308379081e-06,7.912354214036501166e-06
2.885771543086171897e-01,9.479780507603136053e-05,9.459149864496273967e-05,9.500501339313741826e-05,7.894455387956616591e-06,7.877274853924067308e-06,7.911711028148869191e-06
2.905811623246492559e-01,9.348706740298504331e-05,9.328361350221685061e-05,9.369141071971285966e-05,7.893806017436715616e-06,7.876626896615309561e-06,7.911060238239854661e-06
2.925851703406813220e-01,9.220313499932360755e-05,9.200247529312269410e-05,9.240467190642594252e-05,7.893149126491786887e-06,7.875971435248062380e-06,7.910401911467723491e-06
2.945891783567133881e-01,9.094528218290240157e-05,9.074735991482209762e-05,9.114406968494152632e-05,7.892484779941999086e-06,7.875308534501429579e-06,7.909736112794330952e-06
2.965931863727454543e-01,8.971280765607671324e-05,8.951756759588941445e-05,8.990890122472387021e-05,7.891813040504671819e-06,7.874638256956243264e-06,7.909062905074080462e-06
2.985971943887775204e-01,8.850503352933757105e-05,8.831242192209200865e-05,8.869848715453829049e-05,7.891133968878931475e-06,7.873960663179521482e-06,7.908382349138774262e-06
3.006012024048095865e-01,8.732130439023914230e-05,8.713126890734417614e-05,8.751217062934348425e-05,7.890447623826330129e-06,7.873275811804946521e-06,7.907694503878410198e-06
3.026052104208416527e-01,8.616098641523557353e-05,8.597347610747664332e-05,8.634931644018688896e-05,7.889754062247886576e-06,7.872583759609697572e-06,7.906999426318371831e-06
3.046092184368737188e-01,8.502346652218084697e-05,8.483843177458090892e-05,8.520931016485227443e-05,7.889053339257537641e-06,7.871884561587773286e-06,7.906297171693071175e-06
3.066132264529057849e-01,8.390815156137892256e-05,8.372554404981988633e-05,8.409155735714149676e-05,7.888345508252252178e-06,7.871178271019929599e-06,7.905587793516189753e-06
3.086172344689378511e-01,8.281446754319325839e-05,8.263424019271839829e-05,8.299548277279584834e-05,7.887630620978916177e-06,7.870464939540441164e-06,7.904871343647721255e-06
3.106212424849699172e-01,8.174185890034258795e-05,8.156396584506438641e-05,8.192052963017940959e-05,7.886908727598404036e-06,7.869744617201021854e-06,7.904147872358183410e-06
3.126252505010019833e-01,8.068978778311039187e-05,8.051418432765205472e-05,8.086615890394778809e-05,7.886179876746575091e-06,7.869017352531677300e-06,7.903417428389738190e-06
3.146292585170340494e-01,7.965773338580434246e-05,7.948437596820739947e-05,7.983184865003559606e-05,7.885444115592671460e-06,7.868283192599001083e-06,7.902680059014731951e-06
3.166332665330661156e-01,7.864519130289166274e-05,7.847403745892454709e-05,7.881709336038431166e-05,7.884701489895169701e-06,7.867542183061884098e-06,7.901935810091660595e-06
3.186372745490981817e-01,7.765167291332494815e-05,7.748268124213164977e-05,7.782140334592237542e-05,7.883952044055115085e-06,7.866794368224745487e-06,7.901184726118622430e-06
3.206412825651302478e-01,7.667670479165836640e-05,7.650983492268850392e-05,7.684430414639422530e-05,7.883195821167199383e-06,7.866039791088491837e-06,7.900426850284504371e-06
3.226452905811623140e-01,7.571982814462978773e-05,7.555504070579491303e-05,7.588533596571093586e-05,7.882432863068616026e-06,7.865278493399262231e-06,7.899662224517945525e-06
3.246492985971943801e-01,7.478059827195751358e-05,7.461785485896087547e-05,7.494405313156835143e-05,7.881663210385712989e-06,7.864510515694993041e-06,7.898890889534096804e-06
3.266533066132264462e-01,7.385858405017299458e-05,7.369784719696261725e-05,7.402002357815151560e-05,7.880886902578890620e-06,7.863735897350210719e-06,7.898112884879608531e-06
3.286573146292585124e-01,7.295336743836728028e-05,7.279460058866463808e-05,7.311282835080086247e-05,7.880103977985334450e-06,7.862954676618664663e-06,7.897328248975464901e-06
3.306613226452905785e-01,7.206454300479850795e-05,7.190771048465750392e-05,7.222206113158494297e-05,7.879314473860103067e-06,7.862166890674337163e-06,7.896537019158156556e-06
3.326653306613226446e-01,7.119171747335895301e-05,7.103678446471183309e-05,7.134732778477613502e-05,7.878518426415472801e-06,7.861372575650696601e-06,7.895739231719113360e-06
3.346693386773546552e-01,7.033450928895444135e-05,7.018144180410362083e-05,7.048824592128001012e-05,7.877715870858549368e-06,7.860571766678227788e-06,7.894934921942392279e-06
3.366733466933867214e-01,6.949254820090267320e-05,6.934131305791921360e-05,6.964444448112321203e-05,7.876906841427449736e-06,7.859764497920535898e-06,7.894124124140950723e-06
3.386773547094187875e-01,6.866547486350033569e-05,6.851603966249162660e-05,6.881556333314732576e-05,7.876091371425947461e-06,7.858950802608915572e-06,7.893306871691359650e-06
3.406813627254508536e-01,6.785294045295468856e-05,6.770527355316589444e-05,6.800125289110321529e-05,7.875269493256613704e-06,7.858130713075424170e-06,7.892483197067008948e-06
3.426853707414829198e-01,6.705460629992049198e-05,6.690867679763557103e-05,6.720117374538478797e-05,7.874441238452755448e-06,7.857304260784740374e-06,7.891653131870137144e-06
3.446893787575149859e-01,6.627014353691735161e-05,6.612592124412755416e-05,6.641499630967563443e-05,7.873606637708934102e-06,7.856471476364630267e-06,7.890816706862395738e-06
3.466933867735470520e-01,6.549923275994505708e-05,6.535668818375366508e-05,6.564240048182471083e-05,7.872765720910338905e-06,7.855632389635234348e-06,7.889973951994295456e-06
3.486973947895791182e-01,6.474156370364609432e-05,6.460066802638027750e-05,6.488307531829887490e-05,7.871918517160930446e-06,7.854787029637185633e-06,7.889124896433412449e-06
3.507014028056111843e-01,6.399683492939997934e-05,6.385755998940128057e-05,6.413671872159537862e-05,7.871065054810518611e-06,7.853935424658591046e-06,7.888269568591523839e-06
3.527054108216432504e-01,6.326475352576378165e-05,6.312707179883068215e-05,6.340303714002775023e-05,7.870205361480710589e-06,7.853077602260948931e-06,7.887407996150615019e-06
3.547094188376753165e-01,6.254503482070406450e-05,6.240891940216064873e-05,6.268174527932854497e-05,7.869339464089850916e-06,7.852213589304021330e-06,7.886540206087860349e-06
3.567134268537073827e-01,6.183740210509333342e-05,6.170282669245984880e-05,6.197256582554162190e-05,7.868467388877058567e-06,7.851343411969820258e-06,7.885666224699741571e-06
3.587174348697394488e-01,6.114158636696832968e-05,6.100852524320997839e-05,6.127522917869939985e-05,7.867589161425183253e-06,7.850467095785521642e-06,7.884786077625017652e-06
3.607214428857715149e-01,6.045732603607672476e-05,6.032575405340844801e-05,6.058947319681131657e-05,7.866704806683048496e-06,7.849584665645654196e-06,7.883899789867054262e-06
3.627254509018035811e-01,5.978436673825666790e-05,5.965425930248244865e-05,5.991504294970639800e-05,7.865814348986657957e-06,7.848696145833259995e-06,7.883007385815041950e-06
3.647294589178356472e-01,5.912246105922220772e-05,5.899379411458843429e-05,5.925169048230247094e-05,7.864917812079774936e-06,7.847801560040429945e-06,7.882108889264648506e-06
3.667334669338677133e-01,5.847136831734215718e-05,5.834411833188548469e-05,5.859917458688825335e-05,7.864015219133541361e-06,7.846900931387877016e-06,7.881204323437658260e-06
3.687374749498997795e-01,5.783085434502603314e-05,5.770499829639704029e-05,5.795726058403155372e-05,7.863106592765495363e-06,7.845994282443916564e-06,7.880293711001047269e-06
3.707414829659318456e-01,5.720069127834447064e-05,5.707620664008910058e-05,5.732572011173975334e-05,7.862191955057768936e-06,7.845081635242626708e-06,7.879377074085216549e-06
3.727454909819639117e-01,5.658065735453282386e-05,5.645752208281458706e-05,5.670433092252086970e-05,7.861271327574657095e-06,7.844163011301373450e-06,7.878454434301596801e-06
3.747494989979959779e-01,5.597053671704214223e-05,5.584872923778852027e-05,5.609287668800835315e-05,7.860344731379578860e-06,7.843238431637730999e-06,7.877525812759643287e-06
3.767535070140280440e-01,5.537011922781667940e-05,5.524961842427411032e-05,5.549114681082829305e-05,7.859412187051267447e-06,7.842307916785651634e-06,7.876591230083073450e-06
3.787575150300601101e-01,5.477920028649505620e-05,5.465998548717733620e-05,5.489893624340542295e-05,7.858473714699497977e-06,7.841371486811142587e-06,7.875650706425616642e-06
3.807615230460921762e-01,5.419758065624372551e-05,5.407963162325952219e-05,5.431604531341584072e-05,7.857529333980178208e-06,7.840429161327338149e-06,7.874704261486145524e-06
3.827655310621242424e-01,5.362506629594672821e-05,5.350836321369221933e-05,5.374227955560999253e-05,7.856579064109912429e-06,7.839480959509021203e-06,7.873751914523267052e-06
3.847695390781562530e-01,5.306146819848760144e-05,5.294599166269112016e-05,5.317744954974111760e-05,7.855622923880009684e-06,7.838526900106604348e-06,7.872793684369362897e-06
3.867735470941883191e-01,5.250660223487237191e-05,5.239233324197819727e-05,5.262137076434749707e-05,7.854660931669995644e-06,7.837567001459612971e-06,7.871829589444136893e-06
3.887775551102203853e-01,5.196028900395388317e-05,5.184720894083320213e-05,5.207386340614831552e-05,7.853693105460651832e-06,7.836601281509704143e-06,7.870859647767669502e-06
3.907815631262524514e-01,5.142235368752822946e-05,5.131044432150532397e-05,5.153475227482337220e-05,7.852719462846577121e-06,7.835629757813178991e-06,7.869883876973018282e-06
3.927855711422845175e-01,5.089262591058552737e-05,5.078186937976815463e-05,5.100386662295839231e-05,7.851740021048320636e-06,7.834652447553113900e-06,7.868902294318372807e-06
3.947895791583165837e-01,5.037093960650573359e-05,5.026131841040888470e-05,5.048104002094617890e-05,7.850754796924030147e-06,7.833669367550964870e-06,7.867914916698726783e-06
3.967935871743486498e-01,4.985713288700166219e-05,4.974862987745433819e-05,4.996611022664537949e-05,7.849763806980746412e-06,7.832680534277851683e-06,7.866921760657206262e-06
3.987975951903807159e-01,4.935104791661855129e-05,4.924364628894365651e-05,4.945891905960569533e-05,7.848767067385314651e-06,7.831685963865435505e-06,7.865922842395992986e-06
4.008016032064127820e-01,4.885253079160831771e-05,4.874621407606619724e-05,4.895931227967740103e-05,7.847764593974853873e-06,7.830685672116367881e-06,7.864918177786819119e-06
4.028056112224448482e-01,4.836143142300571170e-05,4.825618347649210361e-05,4.846713946983195281e-05,7.846756402266872148e-06,7.829679674514387371e-06,7.863907782381116400e-06
4.048096192384769143e-01,4.787760342374079372e-05,4.777340842173047509e-05,4.798225392302765343e-05,7.845742507469122677e-06,7.828667986234151904e-06,7.862891671419873908e-06
4.068136272545089804e-01,4.740090399962813193e-05,4.729774642835582222e-05,4.750451253296065048e-05,7.844722924488960121e-06,7.827650622150573087e-06,7.861869859843033357e-06
4.088176352705410466e-01,4.693119384408315473e-05,4.682905849295348387e-05,4.703377568855109244e-05,7.843697667942554626e-06,7.826627596848011588e-06,7.860842362298713280e-06
4.108216432865731127e-01,4.646833703641891830e-05,4.636720899063780934e-05,4.656990717201764163e-05,7.842666752163665386e-06,7.825598924629032074e-06,7.859809193151999539e-06
4.128256513026051788e-01,4.601220094358607674e-05,4.591206557700591267e-05,4.611277406040265020e-05,7.841630191212158412e-06,7.824564619522904031e-06,7.858770366493495277e-06
4.148296593186372450e-01,4.556265612522290094e-05,4.546349909339434737e-05,4.566224663041464256e-05,7.840587998882236301e-06,7.823524695293811209e-06,7.857725896147552380e-06
4.168336673346693111e-01,4.511957624188871169e-05,4.502138347531224946e-05,4.521819826646114381e-05,7.839540188710378323e-06,7.822479165448769682e-06,7.856675795680236979e-06
4.188376753507013772e-01,4.468283796635985861e-05,4.458559566393035189e-05,4.478050537175080344e-05,7.838486773983095854e-06,7.821428043245374817e-06,7.855620078407101823e-06
4.208416833667334433e-01,4.425232089787056153e-05,4.415601552050849840e-05,4.434904728234678490e-05,7.837427767744272765e-06,7.820371341699128105e-06,7.854558757400545300e-06
4.228456913827655095e-01,4.382790747918923206e-05,4.373252574365236957e-05,4.392370618406176786e-05,7.836363182802412637e-06,7.819309073590655578e-06,7.853491845497060346e-06
4.248496993987975756e-01,4.340948291642222082e-05,4.331501178929181365e-05,4.350436703208652908e-05,7.835293031737543769e-06,7.818241251472607737e-06,7.852419355304181810e-06
4.268537074148296417e-01,4.299693510144418673e-05,4.290336179328000591e-05,4.309091747325061373e-05,7.834217326908009000e-06,7.817167887676437511e-06,7.851341299207261021e-06
4.288577154308617079e-01,4.259015453685581617e-05,4.249746649651446210e-05,4.268324777081615706e-05,7.833136080456901460e-06,7.816088994318802133e-06,7.850257689375932042e-06
4.308617234468937740e-01,4.218903426337642303e-05,4.209721917248768132e-05,4.228125073171166233e-05,7.832049304318356334e-06,7.815004583307870147e-06,7.849168537770416978e-06
4.328657314629258401e-01,4.179346978958148150e-05,4.170251555717760554e-05,4.188482163611607163e-05,7.830957010223707097e-06,7.813914666349445454e-06,7.848073856147690685e-06
4.348697394789579063e-01,4.140335902389777274e-05,4.131325378119070569e-05,4.149385816930519389e-05,7.829859209707279219e-06,7.812819254952747466e-06,7.846973656067294804e-06
4.368737474949899169e-01,4.101860220877567056e-05,4.092933430407757843e-05,4.110826035568009652e-05,7.828755914112210974e-06,7.811718360436231920e-06,7.845867948897155181e-06
4.388777555110219830e-01,4.063910185695665447e-05,4.055065985073912202e-05,4.072793049489534603e-05,7.827647134595835490e-06,7.810611993932950895e-06,7.844756745818994411e-06
4.408817635270540491e-01,4.026476268976304958e-05,4.017713534985061554e-05,4.035277310001389342e-05,7.826532882135135640e-06,7.809500166395995854e-06,7.843640057833791809e-06
4.428857715430861153e-01,3.989549157733468868e-05,3.980866787422841752e-05,3.998269483761300862e-05,7.825413167531870284e-06,7.808382888603618798e-06,7.842517895766909657e-06
4.448897795591181814e-01,3.953119748074401552e-05,3.944516658307101962e-05,3.961760446977295903e-05,7.824288001417615811e-06,7.807260171164258564e-06,7.841390270273172010e-06
4.468937875751502475e-01,3.917179139592149407e-05,3.908654266600653703e-05,3.925741279787978193e-05,7.823157394258575592e-06,7.806132024521341808e-06,7.840257191841652128e-06
4.488977955911823137e-01,3.881718629932791813e-05,3.873270928888325037e-05,3.890203260817890108e-05,7.822021356360325057e-06,7.804998458958017915e-06,7.839118670800454823e-06
4.509018036072143798e-01,3.846729709531094101e-05,3.838358154124062708e-05,3.855137861901653445e-05,7.820879897872361959e-06,7.803859484601694018e-06,7.837974717321261642e-06
4.529058116232464459e-01,3.812204056508664799e-05,3.803907638540201787e-05,3.820536742970978360e-05,7.819733028792516023e-06,7.802715111428439566e-06,7.836825341423754064e-06
4.549098196392785121e-01,3.778133531728924434e-05,3.769911260713193144e-05,3.786391747098823352e-05,7.818580758971236630e-06,7.801565349267275702e-06,7.835670552979916438e-06
4.569138276553105782e-01,3.744510174003372034e-05,3.736361076780296585e-05,3.752694895695182271e-05,7.817423098115721257e-06,7.800410207804261346e-06,7.834510361718157638e-06
4.589178356713426443e-01,3.711326195443929575e-05,3.703249315802049723e-05,3.719438383849271149e-05,7.816260055793955818e-06,7.799249696586569122e-06,7.833344777227383600e-06
4.609218436873747105e-01,3.678573976956257108e-05,3.670568375265384280e-05,3.686614575812991991e-05,7.815091641438627964e-06,7.798083825026356293e-06,7.832173808960897062e-06
4.629258517034067766e-01,3.646246063869184722e-05,3.638310816722570583e-05,3.654216000620810891e-05,7.813917864350887905e-06,7.796912602404530677e-06,7.830997466240178717e-06
4.649298597194388427e-01,3.614335161695584372e-05,3.606469361561317973e-05,3.622235347841366702e-05,7.812738733704005896e-06,7.795736037874399657e-06,7.829815758258548092e-06
4.669338677354709088e-01,3.582834132020215335e-05,3.575036886901564935e-05,3.590665463456325067e-05,7.811554258546972134e-06,7.794554140465259913e-06,7.828628694084778685e-06
4.689378757515029750e-01,3.551735988510139395e-05,3.544006421614579421e-05,3.559499345862073911e-05,7.810364447807886576e-06,7.793366919085782161e-06,7.827436282666482703e-06
4.709418837675350411e-01,3.521033893043652881e-05,3.513371142460315134e-05,3.528730141990195991e-05,7.809169310297375875e-06,7.792174382527414535e-06,7.826238532833544942e-06
4.729458917835671072e-01,3.490721151953626427e-05,3.483124370338928888e-05,3.498351143542595149e-05,7.807968854711793471e-06,7.790976539467591144e-06,7.825035453301326259e-06
4.749498997995991734e-01,3.460791212381464528e-05,3.453259566652669746e-05,3.468355783337489010e-05,7.806763089636365466e-06,7.789773398472849157e-06,7.823827052673819620e-06
4.769539078156312395e-01,3.431237658738000630e-05,3.423770329774479396e-05,3.438737631762564225e-05,7.805552023548309405e-06,7.788564968001959437e-06,7.822613339446775650e-06
4.789579158316633056e-01,3.402054209267662475e-05,3.394650391619637820e-05,3.409490393331635755e-05,7.804335664819744679e-06,7.787351256408821693e-06,7.821394322010607957e-06
4.809619238476953718e-01,3.373234712712581924e-05,3.365893614317125743e-05,3.380607903341462036e-05,7.803114021720584294e-06,7.786132271945351178e-06,7.820170008653306925e-06
4.829659318637274379e-01,3.344773145073300400e-05,3.337493986977384854e-05,3.352084124625373301e-05,7.801887102421369046e-06,7.784908022764306076e-06,7.818940407563273887e-06
4.849699398797595040e-01,3.316663606462863457e-05,3.309445622553260460e-05,3.323913144400486884e-05,7.800654914995967860e-06,7.783678516921984462e-06,7.817705526832024852e-06
4.869739478957915702e-01,3.288900318051259873e-05,3.281742754791083349e-05,3.296089171205470331e-05,7.799417467424179877e-06,7.782443762380821301e-06,7.816465374456801063e-06
4.889779559118235808e-01,3.261477619097296905e-05,3.254379735269010966e-05,3.268606531925924332e-05,7.798174767594372113e-06,7.781203767012010862e-06,7.815219958343210045e-06
4.909819639278556469e-01,3.234389964064959973e-05,3.227351030519661228e-05,3.241459668904446564e-05,7.796926823305896890e-06,7.779958538597942788e-06,7.813969286307659976e-06
4.929859719438877130e-01,3.207631919821636379e-05,3.200651219234429461e-05,3.214643137132722217e-05,7.795673642271560094e-06,7.778708084834626299e-06,7.812713366079805920e-06
4.949899799599197792e-01,3.181198162915476970e-05,3.174274989546782013e-05,3.188151601522942204e-05,7.794415232119962370e-06,7.777452413334065277e-06,7.811452205304923214e-06
4.969939879759518453e-01,3.155083476929371606e-05,3.148217136391984758e-05,3.161979834255993047e-05,7.793151600397750538e-06,7.776191531626482575e-06,7.810185811546160574e-06
4.989979959919839114e-01,3.129282749909122668e-05,3.122472558940877195e-05,3.136122712204006088e-05,7.791882754571887641e-06,7.774925447162593447e-06,7.808914192286799978e-06
5.010020040080159776e-01,3.103790971863381237e-05,3.097036258105245217e-05,3.110575214424830646e-05,7.790608702031770526e-06,7.773654167315704504e-06,7.807637354932384416e-06
5.030060120240480437e-01,3.078603232333130776e-05,3.071903334112601803e-05,3.085332419726207821e-05,7.789329450091345733e-06,7.772377699383858395e-06,7.806355306812855799e-06
5.050100200400801098e-01,3.053714718028471305e-05,3.047068984148104209e-05,3.060389504297385049e-05,7.788045005991140680e-06,7.771096050591810785e-06,7.805068055184560732e-06
5.070140280561121759e-01,3.029120710530612917e-05,3.022528500061558195e-05,3.035741739406089094e-05,7.786755376900252499e-06,7.769809228093070010e-06,7.803775607232273231e-06
5.090180360721442421e-01,3.004816584057011194e-05,2.998277266137409986e-05,3.011384489158775097e-05,7.785460569918277571e-06,7.768517238971775797e-06,7.802477970071103935e-06
5.110220440881763082e-01,2.980797803287661116e-05,2.974310756925773065e-05,2.987313208322169301e-05,7.784160592077144511e-06,7.767220090244550873e-06,7.801175150748351718e-06
5.130260521042083743e-01,2.957059921250699194e-05,2.950624535132634777e-05,2.963523440204252158e-05,7.782855450343001356e-06,7.765917788862386468e-06,7.799867156245389186e-06
5.150300601202404405e-01,2.933598577265400902e-05,2.927214249567326431e-05,2.940010814592756985e-05,7.781545151617963839e-06,7.764610341712375338e-06,7.798553993479422812e-06
5.170340681362725066e-01,2.910409494940819020e-05,2.904075633145518105e-05,2.916771045749432206e-05,7.780229702741782351e-06,7.763297755619385506e-06,7.797235669305151425e-06
5.190380761523045727e-01,2.887488480228412875e-05,2.881204500946088135e-05,2.893799930458420178e-05,7.778909110493619018e-06,7.761980037347822090e-06,7.795912190516555144e-06
5.210420841683366389e-01,2.864831419526903941e-05,2.858596748320099359e-05,2.871093346126962667e-05,7.777583381593594378e-06,7.760657193603185839e-06,7.794583563848443754e-06
5.230460921843687050e-01,2.842434277837853804e-05,2.836248349050394052e-05,2.848647248936952698e-05,7.776252522704423857e-06,7.759329231033685893e-06,7.793249795978094869e-06
5.250501002004007711e-01,2.820293096970373086e-05,2.814155353560209024e-05,2.826457672045717991e-05,7.774916540432940724e-06,7.757996156231781372e-06,7.791910893526783673e-06
5.270541082164328373e-01,2.798403993793481393e-05,2.792313887169338755e-05,2.804520723834559432e-05,7.773575441331612290e-06,7.756657975735678940e-06,7.790566863061297413e-06
5.290581162324649034e-01,2.776763158534680030e-05,2.770720148396410985e-05,2.782832586203608024e-05,7.772229231899993409e-06,7.755314696030788001e-06,7.789217711095402464e-06
5.310621242484969695e-01,2.755366853123339868e-05,2.749370407305879227e-05,2.761389512911587455e-05,7.770877918586130862e-06,7.753966323551123388e-06,7.787863444091236846e-06
5.330661322645290356e-01,2.734211409577593841e-05,2.728261003898426381e-05,2.740187827959183954e-05,7.769521507788010089e-06,7.752612864680745320e-06,7.786504068460768820e-06
5.350701402805611018e-01,2.713293228433360190e-05,2.707388346543407277e-05,2.719223924014634985e-05,7.768160005854827434e-06,7.751254325755035031e-06,7.785139590567077597e-06
5.370741482965931679e-01,2.692608777214341762e-05,2.686748910452178173e-05,2.698494260880383782e-05,7.766793419088392826e-06,7.749890713062085603e-06,7.783770016725742477e-06
5.390781563126252340e-01,2.672154588941674593e-05,2.666339236190985748e-05,2.677995363999470584e-05,7.765421753744302080e-06,7.748522032843879333e-06,7.782395353206037161e-06
5.410821643286573002e-01,2.651927260682176795e-05,2.646155928232378802e-05,2.657723823000607516e-05,7.764045016033297225e-06,7.747148291297641302e-06,7.781015606232276536e-06
5.430861723446893663e-01,2.631923452133932279e-05,2.626195653543869431e-05,2.637676290280673019e-05,7.762663212122364266e-06,7.745769494576940510e-06,7.779630781984926287e-06
5.450901803607214324e-01,2.612139884248242691e-05,2.606455140212882436e-05,2.617849479623648686e-05,7.761276348136030831e-06,7.744385648792972287e-06,7.778240886601902246e-06
5.470941883767534986e-01,2.592573337886768146e-05,2.586931176106819336e-05,2.598240164854826546e-05,7.759884430157426661e-06,7.742996760015627251e-06,7.776845926179627488e-06
5.490981963927855647e-01,2.573220652512916547e-05,2.567620607567295754e-05,2.578845178529337790e-05,7.758487464229449126e-06,7.741602834274653432e-06,7.775445906774211405e-06
5.511022044088176308e-01,2.554078724916450494e-05,2.548520338137524898e-05,2.559661410653972939e-05,7.757085456355859287e-06,7.740203877560745559e-06,7.774040834402540679e-06
5.531062124248496970e-01,2.535144507970339375e-05,2.529627327321873047e-05,2.540685807441311910e-05,7.755678412502303414e-06,7.738799895826563194e-06,7.772630715043288947e-06
5.551102204408817631e-01,2.516415009418984550e-05,2.510938589376723743e-05,2.521915370095310186e-05,7.754266338597405663e-06,7.737390894987836957e-06,7.771215554638055215e-06
5.571142284569138292e-01,2.497887290696839457e-05,2.492451192131666784e-05,2.503347153627323948e-05,7.752849240533754018e-06,7.735976880924323978e-06,7.769795359092297287e-06
5.591182364729458953e-01,2.479558465776614211e-05,2.474162255840213088e-05,2.484978265701809152e-05,7.751427124168876079e-06,7.734557859480805704e-06,7.768370134276349900e-06
5.611222444889779615e-01,2.461425700046202073e-05,2.456068952059159603e-05,2.466805865510784151e-05,7.749999995326213142e-06,7.733133836468051819e-06,7.766939886026381868e-06
5.631262525050100276e-01,2.443486209213499731e-05,2.438168502555799572e-05,2.448827162676261342e-05,7.748567859796031613e-06,7.731704817663723184e-06,7.765504620145310881e-06
5.651302605210419827e-01,2.425737258238374987e-05,2.420458178242209057e-05,2.431039416179879410e-05,7.747130723336390318e-06,7.730270808813352701e-06,7.764064342403791144e-06
5.671342685370740488e-01,2.408176160290941928e-05,2.402935298135793185e-05,2.413439933318899987e-05,7.745688591673977367e-06,7.728831815631161852e-06,7.762619058541023138e-06
5.691382765531061150e-01,2.390800275735484263e-05,2.385597228345418192e-05,2.396026068687911418e-05,7.744241470504984300e-06,7.727387843800948388e-06,7.761168774265649788e-06
5.711422845691381811e-01,2.373607011139259061e-05,2.368441381082373414e-05,2.378795223185465113e-05,7.742789365495971748e-06,7.725938898976940142e-06,7.759713495256618734e-06
5.731462925851702472e-01,2.356593818305506994e-05,2.351465213695484537e-05,2.361744843044972616e-05,7.741332282284697834e-06,7.724484986784623422e-06,7.758253227164007347e-06
5.751503006012023134e-01,2.339758193329973513e-05,2.334666227729691033e-05,2.344872418889164758e-05,7.739870226480878809e-06,7.723026112821508736e-06,7.756787975609798609e-06
5.771543086172343795e-01,2.323097675680330400e-05,2.318041968007468400e-05,2.328175484807500659e-05,7.738403203667024226e-06,7.721562282657957489e-06,7.755317746188701041e-06
5.791583166332664456e-01,2.306609847297821767e-05,2.301590021732429799e-05,2.311651617455849636e-05,7.736931219399172162e-06,7.720093501837912129e-06,7.753842544468895784e-06
5.811623246492985118e-01,2.290292331720550408e-05,2.285308017614521265e-05,2.295298435177862907e-05,7.735454279207643082e-06,7.718619775879661865e-06,7.752362375992795547e-06
5.831663326653305779e-01,2.274142793227800359e-05,2.269193625016205726e-05,2.279113597147423547e-05,7.733972388597769979e-06,7.717141110276555866e-06,7.750877246277762883e-06
5.851703406813626440e-01,2.258158936004819392e-05,2.253244553119064227e-05,2.263094802531605813e-05,7.732485553050584469e-06,7.715657510497702913e-06,7.749387160816814926e-06
5.871743486973947102e-01,2.242338503327525069e-05,2.237458550110272971e-05,2.247239789673596000e-05,7.730993778023568960e-06,7.714168981988698154e-06,7.747892125079356917e-06
5.891783567134267763e-01,2.226679276766545165e-05,2.221833402388380838e-05,2.231546335294996110e-05,7.729497068951251266e-06,7.712675530172249906e-06,7.746392144511798851e-06
5.911823647294588424e-01,2.211179075410132030e-05,2.206366933787912049e-05,2.216012253717039056e-05,7.727995431245926280e-06,7.711177160448872526e-06,7.744887224538265282e-06
5.931863727454909085e-01,2.195835755105395894e-05,2.191057004822250507e-05,2.200635396100161792e-05,7.726488870298284473e-06,7.709673878197528468e-06,7.743377370561232298e-06
5.951903807615229747e-01,2.180647207717373976e-05,2.175901511944322678e-05,2.185413649701455907e-05,7.724977391478018369e-06,7.708165688776219508e-06,7.741862587962123829e-06
5.971943887775550408e-01,2.165611360405473259e-05,2.160898386824612792e-05,2.170344937149528818e-05,7.723461000134440881e-06,7.706652597522615242e-06,7.740342882101946924e-06
5.991983967935871069e-01,2.150726174916819020e-05,2.146045595646053656e-05,2.155427215736309014e-05,7.721939701597120581e-06,7.705134609754691751e-06,7.738818258321921941e-06
6.012024048096191731e-01,2.135989646896029707e-05,2.131341138415298743e-05,2.140658476725310495e-05,7.720413501176405171e-06,7.703611730771234737e-06,7.737288721944004323e-06
6.032064128256512392e-01,2.121399805211036989e-05,2.116783048290012015e-05,2.126036744675978987e-05,7.718882404164044899e-06,7.702083965852479880e-06,7.735754278271506315e-06
6.052104208416833053e-01,2.106954711294469864e-05,2.102369390921685887e-05,2.111560076783638133e-05,7.717346415833702469e-06,7.700551320260617673e-06,7.734214932589623823e-06
6.072144288577153715e-01,2.092652458500241660e-05,2.088098263813625496e-05,2.097226562234668376e-05,7.715805541441545968e-06,7.699013799240367702e-06,7.732670690166009006e-06
6.092184368737474376e-01,2.078491171474897763e-05,2.073967795693668621e-05,2.083034321576481826e-05,7.714259786226726590e-06,7.697471408019488571e-06,7.731121556251264944e-06
6.112224448897795037e-01,2.064469005543377480e-05,2.059976145901281112e-05,2.068981506101942076e-05,7.712709155411932597e-06,7.695924151809296277e-06,7.729567536079497904e-06
6.132264529058115698e-01,2.050584146108780405e-05,2.046121503788631081e-05,2.055066297247815641e-05,7.711153654203867046e-06,7.694372035805165658e-06,7.728008634868793370e-06
6.152304609218436360e-01,2.036834808065801861e-05,2.032402088135299630e-05,2.041286906006929051e-05,7.709593287793772948e-06,7.692815065187040305e-06,7.726444857821737820e-06
6.172344689378757021e-01,2.023219235227463711e-05,2.018816146576262228e-05,2.027641572353644367e-05,7.708028061357909301e-06,7.691253245119920455e-06,7.724876210125906611e-06
6.192384769539077682e-01,2.009735699764785805e-05,2.005361955042773441e-05,2.014128564682304454e-05,7.706457980057971219e-06,7.689686580754254318e-06,7.723302696954272253e-06
6.212424849699398344e-01,1.996382501659114121e-05,1.992037817215895157e-05,2.000746179258368508e-05,7.704883049041603234e-06,7.688115077226497120e-06,7.721724323465736347e-06
6.232464929859719005e-01,1.983157968166730556e-05,1.978842063992265789e-05,1.987492739681849210e-05,7.703303273442851609e-06,7.686538739659515984e-06,7.720141094805568343e-06
6.252505010020039666e-01,1.970060453295438741e-05,1.965773052961825523e-05,1.974366596362750980e-05,7.701718658382542118e-06,7.684957573162994813e-06,7.718553016105783319e-06
6.272545090180360328e-01,1.957088337292857885e-05,1.952829167897226207e-05,1.961366126008252177e-05,7.700129208968798430e-06,7.683371582833937427e-06,7.716960092485670533e-06
6.292585170340680989e-01,1.944240026146065503e-05,1.940008818254561679e-05,1.948489731121248042e-05,7.698534930297365673e-06,7.681780773757002987e-06,7.715362329052113596e-06
6.312625250501001650e-01,1.931513951092364741e-05,1.927310438685199634e-05,1.935735839510052789e-05,7.696935827452093244e-06,7.680185151004971863e-06,7.713759730900074979e-06
6.332665330661322312e-01,1.918908568140842896e-05,1.914732488558382000e-05,1.923102903808909841e-05,7.695331905505278707e-06,7.678584719639108168e-06,7.712152303112938210e-06
6.352705410821642973e-01,1.906422357604490409e-05,1.902273451494361042e-05,1.910589401009090313e-05,7.693723169518099775e-06,7.676979484709573105e-06,7.710540050762946642e-06
6.372745490981963634e-01,1.894053823642581486e-05,1.889931834907777457e-05,1.898193832000270075e-05,7.692109624540961597e-06,7.675369451255780723e-06,7.708922978911542264e-06
6.392785571142284295e-01,1.881801493813090370e-05,1.877706169561048696e-05,1.885914721121971255e-05,7.690491275613908415e-06,7.673754624306804492e-06,7.707301092609784133e-06
6.412825651302604957e-01,1.869663918634854592e-05,1.865595009127488346e-05,1.873750615724766646e-05,7.688868127766920025e-06,7.672135008881682239e-06,7.705674396898649922e-06
6.432865731462925618e-01,1.857639671159301556e-05,1.853596929763960387e-05,1.861700085741070494e-05,7.687240186020360706e-06,7.670510609989848128e-06,7.704042896809476374e-06
6.452905811623246279e-01,1.845727346551425410e-05,1.841710529692771873e-05,1.849761723265198876e-05,7.685607455385238409e-06,7.668881432631408798e-06,7.702406597364221884e-06
6.472945891783566941e-01,1.833925561679853930e-05,1.829934428792629204e-05,1.837934142142541780e-05,7.683969940863589316e-06,7.667247481797510972e-06,7.700765503575859519e-06
6.492985971943887602e-01,1.822232954715743858e-05,1.818267268198408277e-05,1.826215977567581257e-05,7.682327647448801398e-06,7.665608762470676885e-06,7.699119620448688733e-06
6.513026052104208263e-01,1.810648184740296332e-05,1.806707709909523047e-05,1.814605885690547953e-05,7.680680580125934600e-06,7.663965279625115990e-06,7.697468952978667395e-06
6.533066132264528925e-01,1.799169931360685039e-05,1.795254436406690550e-05,1.803102543232511725e-05,7.679028743872039325e-06,7.662317038227053608e-06,7.695813506153726893e-06
6.553106212424849586e-01,1.787796894334188735e-05,1.783906150276878268e-05,1.791704647108689484e-05,7.677372143656469833e-06,7.660664043235020611e-06,7.694153284954078755e-06
6.573146292585170247e-01,1.776527793200322801e-05,1.772661573846241726e-05,1.780410914059776814e-05,7.675710784441167151e-06,7.659006299600165134e-06,7.692488294352512807e-06
6.593186372745490909e-01,1.765361366920797389e-05,1.761519448820861219e-05,1.769220080291116005e-05,7.674044671180999582e-06,7.657343812266571056e-06,7.690818539314729210e-06
6.613226452905811570e-01,1.754296373527073445e-05,1.750478535935066956e-05,1.758130901119482297e-05,7.672373808823993097e-06,7.655676586171493477e-06,7.689144024799563767e-06
6.633266533066132231e-01,1.743331589775376698e-05,1.739537614607203846e-05,1.747142150627344680e-05,7.670698202311637960e-06,7.654004626245672119e-06,7.687464755759314884e-06
6.653306613226452892e-01,1.732465810808969358e-05,1.728695482602638769e-05,1.736252621324398647e-05,7.669017856579203826e-06,7.652327937413634564e-06,7.685780737140031558e-06
6.673346693386772444e-01,1.721697849827490476e-05,1.717950955703818197e-05,1.725461123816184199e-05,7.667332776555937945e-06,7.650646524593902932e-06,7.684091973881742072e-06
6.693386773547093105e-01,1.711026537763229101e-05,1.707302867387248119e-05,1.714766486479650889e-05,7.665642967165381953e-06,7.648960392699298810e-06,7.682398470918747077e-06
6.713426853707413766e-01,1.700450722964144223e-05,1.696750068507204144e-05,1.704167555145486576e-05,7.663948433325610735e-06,7.647269546637199057e-06,7.680700233179873693e-06
6.733466933867734427e-01,1.689969270883471240e-05,1.686291426986009836e-05,1.693663192787041535e-05,7.662249179949491619e-06,7.645573991309774668e-06,7.678997265588724544e-06
6.753507014028055089e-01,1.679581063775761478e-05,1.675925827510743696e-05,1.683252279215707959e-05,7.660545211944907990e-06,7.643873731614234720e-06,7.677289573063909839e-06
6.773547094188375750e-01,1.669285000399213804e-05,1.665652171236212489e-05,1.672933710782599699e-05,7.658836534215032036e-06,7.642168772443075396e-06,7.675577160519325205e-06
6.793587174348696411e-01,1.659079995724132328e-05,1.655469375494047262e-05,1.662706400086370623e-05,7.657123151658546669e-06,7.640459118684317160e-06,7.673860032864356662e-06
6.813627254509017073e-01,1.648964980647378036e-05,1.645376373507776035e-05,1.652569275687044536e-05,7.655405069169877617e-06,7.638744775221740227e-06,7.672138195004127962e-06
6.833667334669337734e-01,1.638938901712665304e-05,1.635372114113726099e-05,1.642521281825698429e-05,7.653682291639406869e-06,7.637025746935077690e-06,7.670411651839710652e-06
6.853707414829658395e-01,1.629000720836578587e-05,1.625455561487641770e-05,1.632561378149882526e-05,7.651954823953699685e-06,7.635302038700266238e-06,7.668680408268352771e-06
6.873747494989979057e-01,1.619149415040171052e-05,1.615625694876862724e-05,1.622688539444630057e-05,7.650222670995740070e-06,7.633573655389656225e-06,7.666944469183707551e-06
6.893787575150299718e-01,1.609383976186002865e-05,1.605881508337937935e-05,1.612901755368922955e-05,7.648485837645101874e-06,7.631840601872208178e-06,7.665203839476019762e-06
6.913827655310620379e-01,1.599703410720521878e-05,1.596222010479563362e-05,1.603200030197506718e-05,7.646744328778199513e-06,7.630102883013721498e-06,7.663458524032361192e-06
6.933867735470941041e-01,1.590106739421624093e-05,1.586646224210696044e-05,1.593582382567900987e-05,7.644998149268440439e-06,7.628360503676998781e-06,7.661708527736788186e-06
6.953907815631261702e-01,1.580592997151322417e-05,1.577153186493757153e-05,1.584047845232527545e-05,7.643247303986472468e-06,7.626613468722083840e-06,7.659953855470595768e-06
6.973947895791582363e-01,1.571161232613358354e-05,1.567741948102774612e-05,1.574595464815791777e-05,7.641491797800334555e-06,7.624861783006428565e-06,7.658194512112465014e-06
6.993987975951903024e-01,1.561810508115678381e-05,1.558411573386373454e-05,1.565224301576040319e-05,7.639731635575668553e-06,7.623105451385080119e-06,7.656430502538674816e-06
7.014028056112223686e-01,1.552539899337649311e-05,1.549161140035500072e-05,1.555933429172266842e-05,7.637966822175893699e-06,7.621344478710876606e-06,7.654661831623271287e-06
7.034068136272544347e-01,1.543348495101906910e-05,1.539989738855766191e-05,1.546721934435462960e-05,7.636197362462399739e-06,7.619578869834627482e-06,7.652888504238272743e-06
7.054108216432865008e-01,1.534235397150731414e-05,1.530896473544309899e-05,1.537588917144503135e-05,7.634423261294701090e-06,7.617808629605267723e-06,7.651110525253813698e-06
7.074148296593185670e-01,1.525199719926849287e-05,1.521880460471078352e-05,1.528533489806470756e-05,7.632644523530616407e-06,7.616033762870050942e-06,7.649327899538334603e-06
7.094188376753506331e-01,1.516240590358569767e-05,1.512940828464427478e-05,1.519554777441320671e-05,7.630861154026468486e-06,7.614254274474726423e-06,7.647540631958766493e-06
7.114228456913826992e-01,1.507357147649132681e-05,1.504076718600930067e-05,1.510651917370770122e-05,7.629073157637195224e-06,7.612470169263665325e-06,7.645748727380664823e-06
7.134268537074147654e-01,1.498548543070207576e-05,1.495287283999325864e-05,1.501824059011344367e-05,7.627280539216540201e-06,7.610681452080052118e-06,7.643952190668378872e-06
7.154308617234468315e-01,1.489813939759427091e-05,1.486571689618492690e-05,1.493070363671469262e-05,7.625483303617222087e-06,7.608888127766042123e-06,7.642151026685236400e-06
7.174348697394788976e-01,1.481152512521870048e-05,1.477929112059363550e-05,1.484390004352518809e-05,7.623681455691058310e-06,7.607090201162897043e-06,7.640345240293660531e-06
7.194388777555109638e-01,1.472563447635413961e-05,1.469358739370701642e-05,1.475782165553742617e-05,7.621875000289145472e-06,7.605287677111150132e-06,7.638534836355351029e-06
7.214428857715430299e-01,1.464045942659858870e-05,1.460859770858640762e-05,1.467246043080973338e-05,7.620063942261987253e-06,7.603480560450754428e-06,7.636719819731411341e-06
7.234468937875750960e-01,1.455599206249748813e-05,1.452431416899912676e-05,1.458780843859037839e-05,7.618248286459632474e-06,7.601668856021201334e-06,7.634900195282495991e-06
7.254509018036071621e-01,1.447222457970808102e-05,1.444072898758684717e-05,1.450385785747793503e-05,7.616428037731839426e-06,7.599852568661695111e-06,7.633075967868957956e-06
7.274549098196392283e-01,1.438914928119910563e-05,1.435783448406918495e-05,1.442060097361702420e-05,7.614603200928207158e-06,7.598031703211280775e-06,7.631247142350999443e-06
7.294589178356712944e-01,1.430675857548495362e-05,1.427562308348172303e-05,1.433803017892863332e-05,7.612773780898286436e-06,7.596206264508954216e-06,7.629413723588773531e-06
7.314629258517033605e-01,1.422504497489382480e-05,1.419408731444792173e-05,1.425613796937446454e-05,7.610939782491755083e-06,7.594376257393841768e-06,7.627575716442555270e-06
7.334669338677354267e-01,1.414400109386869419e-05,1.411321980748377884e-05,1.417491694325419857e-05,7.609101210558489127e-06,7.592541686705261191e-06,7.625733125772823848e-06
7.354709418837674928e-01,1.406361964730090012e-05,1.403301329333506504e-05,1.409435979953543543e-05,7.607258069948758464e-06,7.590702557282928355e-06,7.623885956440448933e-06
7.374749498997995589e-01,1.398389344889510801e-05,1.395346060134582663e-05,1.401445933621509397e-05,7.605410365513274299e-06,7.588858873966999583e-06,7.622034213306744038e-06
7.394789579158316251e-01,1.390481540956547892e-05,1.387455465785804719e-05,1.393520844871206857e-05,7.603558102103384802e-06,7.587010641598263934e-06,7.620177901233664728e-06
7.414829659318636912e-01,1.382637853586193484e-05,1.379628848464134338e-05,1.385660012829004533e-05,7.601701284571141182e-06,7.585157865018211809e-06,7.618317025083863676e-06
7.434869739478957573e-01,1.374857592842614131e-05,1.371865519735230858e-05,1.377862746051013043e-05,7.599839917769415421e-06,7.583300549069156080e-06,7.616451589720822800e-06
7.454909819639278235e-01,1.367140078047652799e-05,1.364164800402282673e-05,1.370128362371254190e-05,7.597974006552035804e-06,7.581438698594361682e-06,7.614581600008980319e-06
7.474949899799598896e-01,1.359484637632167806e-05,1.356526020357669403e-05,1.362456188752675315e-05,7.596103555773906346e-06,7.579572318438165048e-06,7.612707060813849335e-06
7.494989979959919557e-01,1.351890608990138687e-05,1.348948518437385559e-05,1.354845561140936847e-05,7.594228570291067781e-06,7.577701413446039327e-06,7.610827977002086446e-06
7.515030060120240218e-01,1.344357338335507285e-05,1.341431642278194027e-05,1.347295824320939993e-05,7.592349054960851720e-06,7.575825988464746009e-06,7.608944353441639975e-06
7.535070140280560880e-01,1.336884180561663293e-05,1.333974748177416029e-05,1.339806331776005485e-05,7.590465014641937404e-06,7.573946048342390820e-06,7.607056195001809262e-06
7.555110220440881541e-01,1.329470499103551858e-05,1.326577200955339596e-05,1.332376445549679641e-05,7.588576454194510101e-06,7.572061597928580434e-06,7.605163506553403908e-06
7.575150300601202202e-01,1.322115665802309589e-05,1.319238373820150171e-05,1.325005536110074076e-05,7.586683378480294980e-06,7.570172642074462275e-06,7.603266292968775959e-06
7.595190380761522864e-01,1.314819060772418615e-05,1.311957648235373341e-05,1.317692982216729744e-05,7.584785792362720598e-06,7.568279185632878679e-06,7.601364559121981692e-06
7.615230460921843525e-01,1.307580072271281644e-05,1.304734413789733815e-05,1.310438170789907219e-05,7.582883700706947692e-06,7.566381233458401625e-06,7.599458309888819733e-06
7.635270541082164186e-01,1.300398096571206991e-05,1.297568068069419975e-05,1.303240496782291354e-05,7.580977108380005553e-06,7.564478790407471647e-06,7.597547550146955566e-06
7.655310621242484848e-01,1.293272537833725656e-05,1.290458016532673197e-05,1.296099363053034263e-05,7.579066020250864874e-06,7.562571861338460512e-06,7.595632284776003697e-06
7.675350701402805509e-01,1.286202807986204550e-05,1.283403672386669913e-05,1.289014180244097664e-05,7.577150441190532613e-06,7.560660451111772021e-06,7.593712518657614056e-06
7.695390781563125060e-01,1.279188326600706377e-05,1.276404456466646117e-05,1.281984366658849844e-05,7.575230376072132464e-06,7.558744564589929251e-06,7.591788256675567705e-06
7.715430861723445721e-01,1.272228520775041651e-05,1.269459797117207212e-05,1.275009348142855937e-05,7.573305829770984478e-06,7.556824206637643164e-06,7.589859503715838675e-06
7.735470941883766383e-01,1.265322825015987580e-05,1.262569130075800500e-05,1.268088557966842027e-05,7.571376807164711788e-06,7.554899382121915948e-06,7.587926264666710008e-06
7.755511022044087044e-01,1.258470681124599299e-05,1.255731898358278150e-05,1.261221436711756674e-05,7.569443313133283808e-06,7.552970095912101154e-06,7.585988544418819499e-06
7.775551102204407705e-01,1.251671538083599213e-05,1.248947552146529474e-05,1.254407432155913091e-05,7.567505352559118725e-06,7.551036352879991786e-06,7.584046347865258797e-06
7.795591182364728366e-01,1.244924851946784477e-05,1.242215548678129804e-05,1.247645999164154204e-05,7.565562930327159731e-06,7.549098157899896537e-06,7.582099679901643708e-06
7.815631262525049028e-01,1.238230085730414841e-05,1.235535352137965855e-05,1.240936599579005699e-05,7.563616051324936857e-06,7.547155515848714329e-06,7.580148545426192126e-06
7.835671342685369689e-01,1.231586709306547317e-05,1.228906433551799592e-05,1.234278702113774539e-05,7.561664720442657603e-06,7.545208431606002916e-06,7.578192949339799412e-06
7.855711422845690350e-01,1.224994199298264979e-05,1.222328270681729117e-05,1.227671782247550755e-05,7.559708942573263695e-06,7.543256910054062749e-06,7.576232896546101083e-06
7.875751503006011012e-01,1.218452038976774149e-05,1.215800347923506087e-05,1.221115322122078645e-05,7.557748722612509005e-06,7.541300956077989484e-06,7.574268391951553273e-06
7.895791583166331673e-01,1.211959718160325582e-05,1.209322156205678654e-05,1.214608810440457226e-05,7.555784065459023930e-06,7.539340574565751069e-06,7.572299440465490335e-06
7.915831663326652334e-01,1.205516733114922728e-05,1.202893192890516050e-05,1.208151742367632835e-05,7.553814976014384849e-06,7.537375770408260584e-06,7.570326047000207848e-06
7.935871743486972996e-01,1.199122586456783847e-05,1.196512961676682303e-05,1.201743619432645764e-05,7.551841459183175106e-06,7.535406548499426217e-06,7.568348216471007512e-06
7.955911823647293657e-01,1.192776787056519214e-05,1.190180972503621631e-05,1.195383949432599092e-05,7.549863519873048541e-06,7.533432913736220721e-06,7.566365953796269144e-06
7.975951903807614318e-01,1.186478849944995596e-05,1.183896741457628926e-05,1.189072246338317843e-05,7.547881162994809108e-06,7.531454871018760191e-06,7.564379263897529455e-06
7.995991983967934980e-01,1.180228296220840259e-05,1.177659790679554506e-05,1.182808030201650550e-05,7.545894393462433748e-06,7.529472425250328622e-06,7.562388151699508302e-06
8.016032064128255641e-01,1.174024652959571950e-05,1.171469648274132280e-05,1.176590827064401356e-05,7.543903216193167254e-06,7.527485581337470240e-06,7.560392622130199327e-06
8.036072144288576302e-01,1.167867453124311257e-05,1.165325848220885275e-05,1.170420168868845047e-05,7.541907636107579023e-06,7.525494344190044559e-06,7.558392680120927553e-06
8.056112224448896963e-01,1.161756235478035788e-05,1.159227930286571219e-05,1.164295593369790970e-05,7.539907658129584233e-06,7.523498718721250942e-06,7.556388330606369710e-06
8.076152304609217625e-01,1.155690544497372038e-05,1.153175439939162455e-05,1.158216644048185678e-05,7.537903287186543792e-06,7.521498709847727707e-06,7.554379578524654190e-06
8.096192384769538286e-01,1.149669930287862281e-05,1.147167928263296974e-05,1.152182870026196176e-05,7.535894528209271962e-06,7.519494322489558055e-06,7.552366428817378829e-06
8.116232464929858947e-01,1.143693948500710376e-05,1.141204951877204980e-05,1.146193825983771758e-05,7.533881386132143082e-06,7.517485561570375101e-06,7.550348886429697311e-06
8.136272545090179609e-01,1.137762160250944324e-05,1.135286072851051186e-05,1.140249072076629366e-05,7.531863865893094114e-06,7.515472432017375430e-06,7.548326956310346265e-06
8.156312625250500270e-01,1.131874132036994896e-05,1.129410858626685902e-05,1.134348173855654844e-05,7.529841972433690708e-06,7.513454938761364831e-06,7.546300643411686777e-06
8.176352705410820931e-01,1.126029435661650008e-05,1.123578881938773892e-05,1.128490702187686217e-05,7.527815710699189038e-06,7.511433086736841312e-06,7.544269952689786549e-06
8.196392785571141593e-01,1.120227648154358255e-05,1.117789720737265287e-05,1.122676233177646459e-05,7.525785085638578150e-06,7.509406880882022203e-06,7.542234889104455474e-06
8.216432865731462254e-01,1.114468351694854998e-05,1.112042958111188365e-05,1.116904348092002039e-05,7.523750102204613847e-06,7.507376326138880576e-06,7.540195457619267659e-06
8.236472945891782915e-01,1.108751133538089152e-05,1.106338182213741008e-05,1.111174633283527591e-05,7.521710765353854262e-06,7.505341427453195224e-06,7.538151663201622412e-06
8.256513026052103577e-01,1.103075585940429686e-05,1.100674986188654908e-05,1.105486680117348419e-05,7.519667080046758115e-06,7.503302189774620115e-06,7.536103510822814546e-06
8.276553106212424238e-01,1.097441306087106566e-05,1.095052968097798647e-05,1.099840084898225765e-05,7.517619051247651680e-06,7.501258618056690321e-06,7.534051005458027602e-06
8.296593186372744899e-01,1.091847896020892286e-05,1.089471730850009138e-05,1.094234448799079937e-05,7.515566683924836354e-06,7.499210717256883853e-06,7.531994152086420246e-06
8.316633266533065560e-01,1.086294962571974139e-05,1.083930882131121287e-05,1.088669377790710629e-05,7.513509983050598826e-06,7.497158492336670791e-06,7.529932955691146600e-06
8.336673346693386222e-01,1.080782117289006416e-05,1.078430034335167569e-05,1.083144482572698005e-05,7.511448953601241567e-06,7.495101948261522593e-06,7.527867421259385037e-06
8.356713426853706883e-01,1.075308976371320835e-05,1.072968804496737027e-05,1.077659378505465743e-05,7.509383600557129419e-06,7.493041090000967163e-06,7.525797553782390703e-06
8.376753507014027544e-01,1.069875160602274364e-05,1.067546814224467601e-05,1.072213685543481312e-05,7.507313928902766673e-06,7.490975922528659148e-06,7.523723358255558191e-06
8.396793587174348206e-01,1.064480295283695139e-05,1.062163689635634855e-05,1.066807028169560935e-05,7.505239943626764037e-06,7.488906450822352832e-06,7.521644839678405452e-06
8.416833667334668867e-01,1.059124010171434440e-05,1.056819061291844897e-05,1.061439035330279100e-05,7.503161649721929265e-06,7.486832679863993621e-06,7.519562003054655108e-06
8.436873747494989528e-01,1.053805939411977452e-05,1.051512564135781856e-05,1.056109340372440914e-05,7.501079052185263775e-06,7.484754614639704487e-06,7.517474853392226829e-06
8.456913827655310190e-01,1.048525721480114348e-05,1.046243837429014992e-05,1.050817580980617150e-05,7.498992156018033791e-06,7.482672260139865588e-06,7.515383395703317801e-06
8.476953907815630851e-01,1.043282999117629502e-05,1.041012524690822935e-05,1.045563399115700651e-05,7.496900966225770352e-06,7.480585621359121047e-06,7.513287635004405270e-06
8.496993987975951512e-01,1.038077419273013750e-05,1.035818273638034685e-05,1.040346440954484756e-05,7.494805487818333681e-06,7.478494703296424692e-06,7.511187576316296511e-06
8.517034068136272174e-01,1.032908633042153451e-05,1.030660736125848613e-05,1.035166356830223608e-05,7.492705725809894550e-06,7.476399510955032429e-06,7.509083224664122905e-06
8.537074148296592835e-01,1.027776295610009385e-05,1.025539568089639432e-05,1.030022801174184177e-05,7.490601685219017294e-06,7.474300049342589489e-06,7.506974585077419555e-06
8.557114228456913496e-01,1.022680066193240776e-05,1.020454429487706221e-05,1.024915432458143895e-05,7.488493371068685216e-06,7.472196323471149063e-06,7.504861662590145619e-06
8.577154308617234157e-01,1.017619607983758339e-05,1.015404984244947281e-05,1.019843913137821230e-05,7.486380788386262475e-06,7.470088338357131646e-06,7.502744462240658896e-06
8.597194388777554819e-01,1.012594588093220073e-05,1.010390900197478572e-05,1.014807909597248992e-05,7.484263942203618598e-06,7.467976099021455474e-06,7.500622989071823401e-06
8.617234468937875480e-01,1.007604677498404923e-05,1.005411849038125457e-05,1.009807092094029753e-05,7.482142837557080199e-06,7.465859610489491638e-06,7.498497248130975481e-06
8.637274549098196141e-01,1.002649550987487001e-05,1.000467506262813302e-05,1.004841134705492329e-05,7.480017479487494508e-06,7.463738877791111513e-06,7.496367244469979724e-06
8.657314629258516803e-01,9.977288871071726044e-06,9.955575511178207072e-06,9.999097152757125854e-06,7.477887873040227673e-06,7.461613905960705398e-06,7.494232983145231496e-06
8.677354709418837464e-01,9.928423681106988228e-06,9.906816665478899252e-06,9.950125153633997287e-06,7.475754023265240153e-06,7.459484700037241801e-06,7.492094469217731481e-06
8.697394789579158125e-01,9.879896799066556444e-06,9.858395391451612805e-06,9.901492201906044000e-06,7.473615935217048594e-06,7.457351265064236953e-06,7.489951707753040787e-06
8.717434869739478787e-01,9.831705120086430577e-06,9.810308590989398795e-06,9.853195185922683746e-06,7.471473613954782583e-06,7.455213606089810708e-06,7.487804703821348713e-06
8.737474949899798338e-01,9.783845574857297898e-06,9.762553201462615822e-06,9.805231029665726771e-06,7.469327064542200744e-06,7.453071728166701791e-06,7.485653462497482061e-06
8.757515030060118999e-01,9.736315129137070677e-06,9.715126195232529817e-06,9.757596692260866496e-06,7.467176292047729700e-06,7.450925636352305912e-06,7.483497988860948338e-06
8.777555110220439660e-01,9.689110783271140281e-06,9.668024579172618458e-06,9.710289167496868046e-06,7.465021301544444588e-06,7.448775335708657137e-06,7.481338287995906110e-06
8.797595190380760322e-01,9.642229571720361284e-06,9.621245394197576806e-06,9.663305483352535924e-06,7.462862098110125815e-06,7.446620831302488021e-06,7.479174364991239537e-06
8.817635270541080983e-01,9.595668562596465753e-06,9.574785714799737864e-06,9.616642701531099996e-06,7.460698686827262445e-06,7.444462128205222837e-06,7.477006224940543978e-06
8.837675350701401644e-01,9.549424857204845030e-06,9.528642648592867411e-06,9.570297917002014716e-06,7.458531072783061514e-06,7.442299231493002134e-06,7.474833872942150554e-06
8.857715430861722306e-01,9.503495589594661736e-06,9.482813335863226375e-06,9.524268257550059770e-06,7.456359261069518335e-06,7.440132146246733565e-06,7.472657314099177814e-06
8.877755511022042967e-01,9.457877926115861698e-06,9.437294949127580568e-06,9.478550883331415190e-06,7.454183256783351278e-06,7.437960877552050380e-06,7.470476553519489388e-06
8.897795591182363628e-01,9.412569064983361951e-06,9.392084692698306870e-06,9.433142986436875263e-06,7.452003065026082235e-06,7.435785430499367328e-06,7.468291596315754970e-06
8.917835671342684289e-01,9.367566235847977726e-06,9.347179802255273974e-06,9.388041790461852255e-06,7.449818690904034083e-06,7.433605810183895907e-06,7.466102447605463023e-06
8.937875751503004951e-01,9.322866699374088433e-06,9.302577544424418088e-06,9.343244550083102190e-06,7.447630139528337457e-06,7.431422021705643516e-06,7.463909112510913160e-06
8.957915831663325612e-01,9.278467746823930836e-06,9.258275216362944123e-06,9.298748550642125244e-06,7.445437416014965479e-06,7.429234070169449875e-06,7.461711596159260183e-06
8.977955911823646273e-01,9.234366699648351688e-06,9.214270145350967716e-06,9.254551107735013761e-06,7.443240525484726135e-06,7.427041960684977712e-06,7.459509903682506468e-06
8.997995991983966935e-01,9.190560909083957177e-06,9.170559688389540509e-06,9.210649566808729244e-06,7.441039473063298698e-06,7.424845698366750875e-06,7.457304040217534145e-06
9.018036072144287596e-01,9.147047755756479575e-06,9.127141231804889240e-06,9.167041302763596569e-06,7.438834263881215941e-06,7.422645288334141630e-06,7.455094010906092395e-06
9.038076152304608257e-01,9.103824649290357738e-06,9.084012190858822947e-06,9.123723719562030666e-06,7.436624903073914107e-06,7.420440735711402847e-06,7.452879820894840651e-06
9.058116232464928919e-01,9.060889027924295949e-06,9.041170009365159173e-06,9.080694249843255115e-06,7.434411395781723599e-06,7.418232045627684092e-06,7.450661475335343512e-06
9.078156312625249580e-01,9.018238358132772334e-06,8.998612159312026899e-06,9.037950354543990627e-06,7.432193747149881681e-06,7.416019223217020618e-06,7.448438979384088533e-06
9.098196392785570241e-01,8.975870134253390099e-06,8.956336140490052958e-06,8.995489522524981277e-06,7.429971962328550265e-06,7.413802273618368092e-06,7.446212338202492155e-06
9.118236472945890903e-01,8.933781878119927616e-06,8.914339480126196470e-06,8.953309270203250068e-06,7.427746046472815915e-06,7.411581201975595820e-06,7.443981556956909866e-06
9.138276553106211564e-01,8.891971138701051762e-06,8.872619732523248228e-06,8.911407141190014365e-06,7.425516004742717795e-06,7.409356013437511309e-06,7.441746640818657380e-06
9.158316633266532225e-01,8.850435491744516650e-06,8.831174478704813784e-06,8.869780705934122303e-06,7.423281842303245129e-06,7.407126713157864504e-06,7.439507594964017413e-06
9.178356713426852886e-01,8.809172539426812166e-06,8.790001326065709065e-06,8.828427561370913573e-06,7.421043564324341438e-06,7.404893306295344398e-06,7.437264424574230364e-06
9.198396793587173548e-01,8.768179910008150509e-06,8.749097908027719412e-06,8.787345330576472441e-06,7.418801175980927409e-06,7.402655798013612917e-06,7.435017134835529043e-06
9.218436873747494209e-01,8.727455257492690782e-06,8.708461883700542453e-06,8.746531662427100168e-06,7.416554682452894116e-06,7.400414193481288820e-06,7.432765730939129357e-06
9.238476953907814870e-01,8.686996261293927098e-06,8.668090937547913124e-06,8.705984231263967895e-06,7.414304088925130131e-06,7.398168497871975658e-06,7.430510218081250635e-06
9.258517034068135532e-01,8.646800625905113144e-06,8.627982779058749908e-06,8.665700736562829693e-06,7.412049400587510505e-06,7.395918716364253300e-06,7.428250601463112244e-06
9.278557114228456193e-01,8.606866080574689313e-06,8.588135142423274844e-06,8.625678902608731422e-06,7.409790622634910327e-06,7.393664854141689791e-06,7.425986886290942052e-06
9.298597194388776854e-01,8.567190378986585373e-06,8.548545786214036167e-06,8.585916478175625597e-06,7.407527760267209803e-06,7.391406916392853212e-06,7.423719077775989144e-06
9.318637274549097516e-01,8.527771298945344434e-06,8.509212493071687883e-06,8.546411236210797410e-06,7.405260818689310351e-06,7.389144908311314221e-06,7.421447181134531435e-06
9.338677354709418177e-01,8.488606642065951345e-06,8.470133069395514424e-06,8.507160973524017185e-06,7.402989803111126129e-06,7.386878835095650286e-06,7.419171201587870595e-06
9.358717434869738838e-01,8.449694233468306209e-06,8.431305345038561465e-06,8.468163510481351526e-06,7.400714718747592506e-06,7.384608701949448232e-06,7.416891144362341363e-06
9.378757515030059499e-01,8.411031921476288834e-06,8.392727173007352584e-06,8.429416690703558598e-06,7.398435570818681310e-06,7.382334514081317784e-06,7.414607014689322559e-06
9.398797595190380161e-01,8.372617577321265003e-06,8.354396429166051143e-06,8.390918380768960826e-06,7.396152364549388968e-06,7.380056276704886493e-06,7.412318817805233698e-06
9.418837675350700822e-01,8.334449094850036299e-06,8.316311011945031828e-06,8.352666469920745889e-06,7.393865105169749212e-06,7.377773995038803970e-06,7.410026558951540913e-06
9.438877755511021483e-01,8.296524390237128418e-06,8.278468842053804242e-06,8.314658869778628229e-06,7.391573797914845785e-06,7.375487674306760516e-06,7.407730243374767128e-06
9.458917835671342145e-01,8.258841401701297715e-06,8.240867862198139477e-06,8.276893514054742347e-06,7.389278448024793804e-06,7.373197319737471032e-06,7.405429876326486122e-06
9.478957915831662806e-01,8.221398089226286462e-06,8.203506036801419988e-06,8.239368358273772947e-06,7.386979060744766021e-06,7.370902936564691114e-06,7.403125463063331851e-06
9.498997995991983467e-01,8.184192434285638787e-06,8.166381351730065397e-06,8.202081379497189813e-06,7.384675641324974188e-06,7.368604530027204343e-06,7.400817008846994207e-06
9.519038076152304129e-01,8.147222439571611164e-06,8.129491814023034215e-06,8.165030576051548436e-06,7.382368195020680912e-06,7.366302105368841772e-06,7.398504518944223261e-06
9.539078156312624790e-01,8.110486128728055494e-06,8.092835451625274428e-06,8.128213967260793722e-06,7.380056727092210670e-06,7.363995667838474298e-06,7.396187998626837727e-06
9.559118236472945451e-01,8.073981546087190061e-06,8.056410313125085689e-06,8.091629593182461745e-06,7.377741242804937103e-06,7.361685222690019440e-06,7.393867453171723270e-06
9.579158316633266113e-01,8.037706756410249904e-06,8.020214467495320257e-06,8.055275514347757520e-06,7.375421747429284710e-06,7.359370775182431178e-06,7.391542887860823188e-06
9.599198396793586774e-01,8.001659844631908179e-06,7.984246003838368485e-06,8.019149811505419022e-06,7.373098246240735621e-06,7.357052330579712651e-06,7.389214307981151122e-06
9.619238476953907435e-01,7.965838915608426156e-06,7.948503031134850915e-06,7.983250585369318302e-06,7.370770744519826215e-06,7.354729894150905154e-06,7.386881718824786811e-06
9.639278557114228096e-01,7.930242093869472564e-06,7.912983677995981426e-06,7.947575956369731960e-06,7.368439247552157278e-06,7.352403471170107613e-06,7.384545125688882034e-06
9.659318637274548758e-01,7.894867523373498788e-06,7.877686092419477747e-06,7.912124064408194564e-06,7.366103760628369444e-06,7.350073066916448637e-06,7.382204533875644504e-06
9.679358717434869419e-01,7.859713367266730886e-06,7.842608441549066777e-06,7.876893068615946873e-06,7.363764289044173686e-06,7.347738686674110233e-06,7.379859948692356511e-06
9.699398797595190080e-01,7.824777807645554823e-06,7.807748911437405152e-06,7.841881147115817936e-06,7.361420838100316587e-06,7.345400335732308324e-06,7.377511375451355438e-06
9.719438877755510742e-01,7.790059045322411815e-06,7.773105706812460776e-06,7.807086496787596968e-06,7.359073413102614222e-06,7.343058019385307152e-06,7.375158819470051548e-06
9.739478957915831403e-01,7.755555299594990318e-06,7.738677050847233364e-06,7.772507333036727284e-06,7.356722019361923361e-06,7.340711742932409956e-06,7.372802286070910195e-06
9.759519038076150954e-01,7.721264808018789215e-06,7.704461184932785190e-06,7.738141889566369733e-06,7.354366662194159253e-06,7.338361511677958127e-06,7.370441780581467074e-06
9.779559118236471615e-01,7.687185826182865839e-06,7.670456368454502412e-06,7.703988418152662838e-06,7.352007346920260900e-06,7.336007330931315114e-06,7.368077308334292644e-06
9.799599198396792277e-01,7.653316627488897594e-06,7.636660878571622561e-06,7.670045188423298214e-06,7.349644078866238490e-06,7.333649206006902001e-06,7.365708874667037867e-06
9.819639278557112938e-01,7.619655502933286121e-06,7.603073009999809656e-06,7.636310487639150395e-06,7.347276863363125116e-06,7.331287142224143295e-06,7.363336484922388467e-06
9.839679358717433599e-01,7.586200760892436983e-06,7.569691074796915854e-06,7.602782620479086418e-06,7.344905705747002189e-06,7.328921144907510125e-06,7.360960144448087806e-06
9.859719438877754261e-01,7.552950726911041241e-06,7.536513402151714491e-06,7.569459908827784921e-06,7.342530611358965553e-06,7.326551219386477045e-06,7.358579858596906382e-06
9.879759519038074922e-01,7.519903743493421590e-06,7.503538338175699384e-06,7.536340691566630806e-06,7.340151585545166993e-06,7.324177370995558452e-06,7.356195632726685882e-06
9.899799599198395583e-01,7.487058169897765190e-06,7.470764245697770822e-06,7.503423324367485594e-06,7.337768633656774423e-06,7.321799605074279794e-06,7.353807472200284969e-06
9.919839679358716245e-01,7.454412381933302472e-06,7.438189504061849747e-06,7.470706179489440169e-06,7.335381761049983744e-06,7.319417926967178409e-06,7.351415382385611469e-06
9.939879759519036906e-01,7.421964771760312494e-06,7.405812508927319334e-06,7.438187645578366130e-06,7.332990973085990046e-06,7.317032342023778968e-06,7.349019368655575783e-06
9.959919839679357567e-01,7.389713747692997201e-06,7.373631672072338859e-06,7.405866127469374997e-06,7.330596275131020641e-06,7.314642855598635822e-06,7.346619436388136631e-06
9.979959919839678228e-01,7.357657734005059408e-06,7.341645421199825719e-06,7.373740045991954900e-06,7.328197672556296102e-06,7.312249473051277100e-06,7.344215590966254462e-06
1.000000000000000000e+00,7.325795170738061598e-06,7.309852199746249601e-06,7.341807837777926180e-06,7.325795170738061598e-06,7.309852199746249601e-06,7.341807837777926180e-06
